,method,coverage_0,coverage_1,interval_width_0,interval_width_1,coverage_ITE_naive,interval_width_ITE_naive,n_intervention,n_observation,conf_strength,dr_use_Y,seed,x_dim
0,inexact,0.923,0.931,0.36904934158575886,0.3712924481308593,0.796,0.3780626396400512,100,10000,0.6,0,42,5
0,inexact,0.93,0.919,0.3710241019133744,0.36617392480852207,0.7785,0.3677555980666757,500,10000,0.6,0,42,5
0,inexact,0.932,0.939,0.37545827773382107,0.3850372614985879,0.812,0.38207885210987697,1000,10000,0.6,0,42,5
